"nueva_formula";"nom_cliente";"nom_formula_detalle";"union_form_codigo";"nom_formula";"agrupacion";"tipo_canal";"tipo_seguro"
"TRFT53";"Trotamundos (TRF)";"Select";"Select (T53)";"Select";"AV";"B2C";"Seguro Directo"
"TRFT5G";"Trotamundos (TRF)";"Temporal Plus";"Temporal Plus (T5G)";"Temporal Plus";"AV";"B2C";"Seguro Directo"
"TRFT51";"Trotamundos (TRF)";"Classic";"Classic (T51)";"Classic";"AV";"B2C";"Seguro Directo"
"TRFT5I";"Trotamundos (TRF)";"Temporal Premium";"Temporal Premium (T5I)";"Temporal Premium";"AV";"B2C";"Seguro Directo"
"TRFT67";"Trotamundos (TRF)";"Grupos";"Grupos (T67)";"Grupos";"AV";"B2B";"Seguro Directo"
"TRFT5F";"Trotamundos (TRF)";"Temporal Plus AN";"Temporal Plus AN (T5F)";"Temporal Plus AN";"AV + anulación clásica";"B2C";"Seguro Directo"
"TRFT5K";"Trotamundos (TRF)";"Temporal Excellent";"Temporal Excellent (T5K)";"Temporal Excellent";"AV";"B2C";"Seguro Directo"
"TRFT78";"Trotamundos (TRF)";"Plus sin AN";"Plus sin AN (T78)";"Plus sin AN";"AV";"B2C";"Seguro Directo"
"TRFT52";"Trotamundos (TRF)";"Select AN";"Select AN (T52)";"Select AN";"AV + anulación clásica";"B2C";"Seguro Directo"
"TRFT5H";"Trotamundos (TRF)";"Temporal Premium AN";"Temporal Premium AN (T5H)";"Temporal Premium AN";"AV + anulación clásica";"B2C";"Seguro Directo"
"TRFT71";"Trotamundos (TRF)";"Plus sin AN SP";"Plus sin AN SP (T71)";"Plus sin AN SP";"AV";"B2C";"Seguro Directo"
"TRFT5A";"Trotamundos (TRF)";"Asistencia";"Asistencia (T5A)";"Asistencia";"AV";"B2C";"Seguro Directo"
"TRFT93";"Trotamundos (TRF)";"Premium";"Premium (T93)";"Premium";"AV";"B2C";"Seguro Directo"
"TRFT81";"Trotamundos (TRF)";"VIP Studies SP";"VIP Studies SP (T81)";"VIP Studies SP";"Estudiantes";"B2C";"Seguro Directo"
"TRFT56";"Trotamundos (TRF)";"Cancelación Free Rastreator";"Cancelación Free Rastreator (T56)";"Cancelación Free Rastreator";"Anulación";"B2C";"Seguro Directo"
"TRFT89";"Trotamundos (TRF)";"Excellent";"Excellent (T89)";"Excellent";"AV";"B2C";"Seguro Directo"
"TRFT79";"Trotamundos (TRF)";"Cancelación e Interrupción VIP";"Cancelación e Interrupción VIP (T79)";"Cancelación e Interrupción VIP";"Anulación idiomas";"B2C";"Seguro Directo"
"TRFT5S";"Trotamundos (TRF)";"Grupos VIP AN 2500";"Grupos VIP AN 2500 (T5S)";"Grupos VIP AN 2500";"AV + anulación clásica";"B2B";"Seguro Directo"
"TRFT5L";"Trotamundos (TRF)";"Temporal Plus AN Preexistencias";"Temporal Plus AN Preexistencias (T5L)";"Temporal Plus AN Preexistencias";"AV + anulación clásica";"B2C";"Seguro Directo"
"TRFT63";"Trotamundos (TRF)";"Grupos CR";"Grupos CR (T63)";"Grupos CR";"AV";"B2B";"Seguro Directo"
"TRF3TR";"Trotamundos (TRF)";"Plus";"Plus (3TR)";"Plus";"AV + anulación clásica";"B2C";"Seguro Directo"
"TRF7TR";"Trotamundos (TRF)";"Repatriación Excellent";"Repatriación Excellent (7TR)";"Repatriación Excellent";"AV";"B2C";"Seguro Directo"
"TRFT80";"Trotamundos (TRF)";"VIP Studies";"VIP Studies (T80)";"VIP Studies";"Estudiantes";"B2C";"Seguro Directo"
"TRFT55";"Trotamundos (TRF)";"Grupos AN 1500";"Grupos AN 1500 (T55)";"Grupos AN 1500";"AV + anulación clásica";"B2B";"Seguro Directo"
"TRFT50";"Trotamundos (TRF)";"Classic AN";"Classic AN (T50)";"Classic AN";"AV + anulación clásica";"B2C";"Seguro Directo"
"TRFT70";"Trotamundos (TRF)";"Estancias 2000";"Estancias 2000  (T70)";"Estancias 2000";"Anulación";"B2B";"Seguro Directo"
"TRFT87";"Trotamundos (TRF)";"Excellent SP";"Excellent SP (T87)";"Excellent SP";"AV";"B2C";"Seguro Directo"
"TRF2CV";"Trotamundos (TRF)";"Anulacion";"Anulacion (2CV)";"Anulacion";"Anulación";"B2B";"Seguro Directo"
"TRFT92";"Trotamundos (TRF)";"Premium con AN";"Premium con AN (T92)";"Premium con AN";"AV + anulación clásica";"B2C";"Seguro Directo"
"TRFT5Q";"Trotamundos (TRF)";"Temporal Excellent Preexistencias";"Temporal Excellent Preexistencias (T5Q)";"Temporal Excellent Preexistencias";"AV";"B2C";"Seguro Directo"
"TRFT72";"Trotamundos (TRF)";"Excellent AN CR";"Excellent AN CR (T72)";"Excellent AN CR";"AV + anulación clásica";"B2C";"Seguro Directo"
"TRFT5O";"Trotamundos (TRF)";"Temporal Premium Preexistencias";"Temporal Premium Preexistencias (T5O)";"Temporal Premium Preexistencias";"AV";"B2C";"Seguro Directo"
"TRFT88";"Trotamundos (TRF)";"Excellent AN";"Excellent AN (T88)";"Excellent AN";"AV + anulación clásica";"B2C";"Seguro Directo"
"TRFT5J";"Trotamundos (TRF)";"Temporal Excellent AN";"Temporal Excellent AN (T5J)";"Temporal Excellent AN";"AV + anulación clásica";"B2C";"Seguro Directo"
"TRFT5P";"Trotamundos (TRF)";"Temporal Excellent AN Preexistencias";"Temporal Excellent AN Preexistencias (T5P)";"Temporal Excellent AN Preexistencias";"AV + anulación clásica";"B2C";"Seguro Directo"
"TRFT76";"Trotamundos (TRF)";"Plus sin AN CR";"Plus sin AN CR (T76)";"Plus sin AN CR";"AV";"B2C";"Seguro Directo"
"TRFT5N";"Trotamundos (TRF)";"Temporal Premium AN Preexistencias";"Temporal Premium AN Preexistencias (T5N)";"Temporal Premium AN Preexistencias";"AV + anulación clásica";"B2C";"Seguro Directo"
"TRFT86";"Trotamundos (TRF)";"Excellent AN SP";"Excellent AN SP (T86)";"Excellent AN SP";"AV + anulación clásica";"B2C";"Seguro Directo"
"TRFT66";"Trotamundos (TRF)";"Grupos AN";"Grupos AN (T66)";"Grupos AN";"AV + anulación clásica";"B2B";"Seguro Directo"
"TRFT61";"Trotamundos (TRF)";"Excellent Agencias AN";"Excellent Agencias AN (T61)";"Excellent Agencias AN";"AV";"B2B";"Seguro Directo"
"TRFT75";"Trotamundos (TRF)";"Premium CR";"Premium CR (T75)";"Premium CR";"AV";"B2C";"Seguro Directo"
"TRFT91";"Trotamundos (TRF)";"Premium SP";"Premium SP (T91)";"Premium SP";"AV";"B2C";"Seguro Directo"
"TRFT98";"Trotamundos (TRF)";"Premium Multi AN SP";"Premium Multi AN SP (T98)";"Premium Multi AN SP";"Multiviaje + anulación";"B2C";"Seguro Directo"
"TRF8TR";"Trotamundos (TRF)";"PLUS SP";"PLUS SP (8TR)";"PLUS SP";"AV + anulación clásica";"B2C";"Seguro Directo"
"TRFT77";"Trotamundos (TRF)";"Plus CR";"Plus CR (T77)";"Plus CR";"AV + anulación clásica";"B2C";"Seguro Directo"
"TRFT5E";"Trotamundos (TRF)";"Grupos AN 3000 CR";"Grupos AN 3000 CR (T5E)";"Grupos AN 3000 CR";"AV + anulación clásica";"B2B";"Seguro Directo"
"MNO95M_SIN_AN";"Mundo ideal (MNO)";"Premium 2023";"Premium (95M)";"Premium";"AV";"B2C";"Seguro Directo"
"MNO93M_SIN_AN";"Mundo ideal (MNO)";"Relax 2023";"Relax (93M)";"Relax";"AV";"B2C";"Seguro Directo"
"MNO99M";"Mundo ideal (MNO)";"Esencial 2023";"Esencial (99M)";"Esencial";"AV";"B2C";"Seguro Directo"
"MNO91M_SIN_AN";"Mundo ideal (MNO)";"Top 2023";"Top (91M)";"Top";"AV";"B2C";"Seguro Directo"
"MNO93M_AN72";"Mundo ideal (MNO)";"Relax 2023 AN72";"Relax (93M)";"Relax";"AV + anulación clásica";"B2C";"Seguro Directo"
"MNO93M_AN";"Mundo ideal (MNO)";"Relax 2023 AN";"Relax (93M)";"Relax";"AV + anulación clásica";"B2C";"Seguro Directo"
"MNP09P_SIN_AN";"Mundo ideal Portugal (MNP)";"Relax 2023";"Relax (09P)";"Relax";"AV";"B2C";"LPS"
"MNO94M_SIN_AN";"Mundo ideal (MNO)";"Relax 2023 No Residentes";"Relax (94M)";"Relax";"AV";"B2C";"Seguro Directo"
"MNP09P_AN";"Mundo ideal Portugal (MNP)";"Relax 2023 AN";"Relax (09P)";"Relax";"AV + anulación clásica";"B2C";"LPS"
"MNP07P_AN";"Mundo ideal Portugal (MNP)";"Top 2023 AN";"Top (07P)";"Top";"AV + anulación clásica";"B2C";"LPS"
"MNP07P_SIN_AN";"Mundo ideal Portugal (MNP)";"Top 2023";"Top (07P)";"Top";"AV";"B2C";"LPS"
"MNO91M_AN72";"Mundo ideal (MNO)";"Top 2023 AN72";"Top (91M)";"Top";"AV + anulación clásica";"B2C";"Seguro Directo"
"MNP11P_AN";"Mundo ideal Portugal (MNP)";"Premium 2023 AN";"Premium (11P)";"Premium";"AV + anulación clásica";"B2C";"LPS"
"MNO87M";"Mundo ideal (MNO)";"Anulación Plus 2023";"Anulación Plus (87M)";"Anulación Plus";"Anulación";"B2C";"Seguro Directo"
"MNO97M";"Mundo ideal (MNO)";"Larga Estancia 2023";"Larga Estancia (97M)";"Larga Estancia";"AV";"B2C";"Seguro Directo"
"MNP14P";"Mundo ideal Portugal (MNP)";"Esencial 2023";"Esencial (14P)";"Esencial";"AV";"B2C";"LPS"
"MNP09P_AN72";"Mundo ideal Portugal (MNP)";"Relax 2023 AN72";"Relax (09P)";"Relax";"AV + anulación clásica";"B2C";"LPS"
"MNP11P_SIN_AN";"Mundo ideal Portugal (MNP)";"Premium 2023";"Premium (11P)";"Premium";"AV";"B2C";"LPS"
"MNP01P_SIN_AN";"Mundo ideal Portugal (MNP)";"zSolo Asistencia 2023";"Solo Asistencia (01P)";"Solo Asistencia";"AV";"B2C";"LPS"
"MNO86M_SIN_AN";"Mundo ideal (MNO)";"Solo Asistencia 2023 No Residentes";"Solo Asistencia No Residentes (86M)";"Solo Asistencia No Residentes";"AV";"B2C";"Seguro Directo"
"MNO95M_AN72";"Mundo ideal (MNO)";"Premium 2023 AN72";"Premium (95M)";"Premium";"AV + anulación clásica";"B2C";"Seguro Directo"
"MNP07P_AN72";"Mundo ideal Portugal (MNP)";"Top 2023 AN72";"Top (07P)";"Top";"AV + anulación clásica";"B2C";"LPS"
"MNP06P";"Mundo ideal Portugal (MNP)";"Anulación Top No Resi. 2023";"Anulación Top No Residentes (06P)";"Anulación Top No Residentes";"Anulación";"B2C";"LPS"
"MNP08P_SIN_AN";"Mundo ideal Portugal (MNP)";"Top No Resi. 2023";"Top (08P)";"Top";"AV";"B2C";"LPS"
"MNP02P_SIN_AN";"Mundo ideal Portugal (MNP)";"Solo Asistencia No Resi. 2023";"Solo Asistencia No Residentes (02P)";"Solo Asistencia No Residentes";"AV";"B2C";"LPS"
"MNO94M_AN72";"Mundo ideal (MNO)";"Relax 2023 No Residentes AN72";"Relax (94M)";"Relax";"AV + anulación clásica";"B2C";"Seguro Directo"
"MNP10P_SIN_AN";"Mundo ideal Portugal (MNP)";"Relax No Resi. 2023";"Relax (10P)";"Relax";"AV";"B2C";"LPS"
"MNP11P_AN72";"Mundo ideal Portugal (MNP)";"Premium 2023 AN72";"Premium (11P)";"Premium";"AV + anulación clásica";"B2C";"LPS"
"MNP13P";"Mundo ideal Portugal (MNP)";"Larga Estancia FQ 2023";"Larga Estancia (13P)";"Larga Estancia";"AV";"B2C";"LPS"
"MNP12P_AN";"Mundo ideal Portugal (MNP)";"Premium No Resi. 2023 AN";"Premium (12P)";"Premium";"AV + anulación clásica";"B2C";"LPS"
"MNP17P_SIN_AN";"Mundo ideal Portugal (MNP)";"Multi. Premium 2023";"Multiviaje Premium (17P)";"Multiviaje Premium";"Multiviaje";"B2C";"LPS"
"MNP15P_SIN_AN";"Mundo ideal Portugal (MNP)";"Multiviaje 2023";"Multiviaje (15P)";"Multiviaje";"Multiviaje";"B2C";"LPS"
"MNP15P_AN";"Mundo ideal Portugal (MNP)";"Multiviaje 2023 AN";"Multiviaje (15P)";"Multiviaje";"Multiviaje + anulación";"B2C";"LPS"
"MNP10P_AN";"Mundo ideal Portugal (MNP)";"Relax No Resi. 2023 AN";"Relax (10P)";"Relax";"AV + anulación clásica";"B2C";"LPS"
"MNP10P_AN72";"Mundo ideal Portugal (MNP)";"Relax No Resi. 2023 AN72";"Relax (10P)";"Relax";"AV + anulación clásica";"B2C";"LPS"
"MNP08P_AN72";"Mundo ideal Portugal (MNP)";"Top No Resi. 2023 AN72";"Top (08P)";"Top";"AV + anulación clásica";"B2C";"LPS"
"MNO91M_AN";"Mundo ideal (MNO)";"Top 2023 AN";"Top (91M)";"Top";"AV + anulación clásica";"B2C";"Seguro Directo"
"MNO95M_AN";"Mundo ideal (MNO)";"Premium 2023 AN";"Premium (95M)";"Premium";"AV + anulación clásica";"B2C";"Seguro Directo"
"MNP04P";"Mundo ideal Portugal (MNP)";"Anulación Top 2023";"Anulación Top (04P)";"Anulación Top";"Anulación";"B2C";"LPS"
"MNO94M_AN";"Mundo ideal (MNO)";"Relax 2023 No Residentes AN";"Relax (94M)";"Relax";"AV + anulación clásica";"B2C";"Seguro Directo"
"MNP17P_AN";"Mundo ideal Portugal (MNP)";"Multi. Premium 2023 AN";"Multiviaje Premium (17P)";"Multiviaje Premium";"Multiviaje + anulación";"B2C";"LPS"
"MNP20P";"Mundo ideal Portugal (MNP)";"Cancelamento Premium";"Cancelamento Premium (20P)";"Cancelamento Premium";"Anulación";"B2C";"LPS"
"MNP08P_AN";"Mundo ideal Portugal (MNP)";"Top No Resi. 2023 AN";"Top (08P)";"Top";"AV + anulación clásica";"B2C";"LPS"
"MNP19P";"Mundo ideal Portugal (MNP)";"Cancelamento Premium No Residentes";"Cancelamento Premium No Residentes (19P)";"Cancelamento Premium No Residentes";"Anulación";"B2C";"LPS"
"MNP03P";"Mundo ideal Portugal (MNP)";"Anulación Plus 2023";"Anulación Plus (03P)";"Anulación Plus";"Anulación";"B2C";"LPS"
"TRFT74";"Trotamundos (TRF)";"Premium AN CR";"Premium AN CR (T74)";"Premium AN CR";"AV + anulación clásica";"B2C";"Seguro Directo"
"MNP12P_SIN_AN";"Mundo ideal Portugal (MNP)";"Premium No Resi. 2023";"Premium (12P)";"Premium";"AV";"B2C";"LPS"
"MNP12P_AN72";"Mundo ideal Portugal (MNP)";"Premium No Resi. 2023 AN72";"Premium (12P)";"Premium";"AV + anulación clásica";"B2C";"LPS"
"TRFT90";"Trotamundos (TRF)";"Premium AN SP";"Premium AN SP (T90)";"Premium AN SP";"AV + anulación clásica";"B2C";"Seguro Directo"
"TRFT69";"Trotamundos (TRF)";"Estancias 4000";"Estancias 4000  (T69)";"Estancias 4000";"Anulación";"B2B";"Seguro Directo"
"TRFT64";"Trotamundos (TRF)";"Grupos AN CR";"Grupos AN CR (T64)";"Grupos AN CR";"AV + anulación clásica";"B2B";"Seguro Directo"
"TRFT54";"Trotamundos (TRF)";"Grupos AN 3000";"Grupos AN 3000 (T54)";"Grupos AN 3000";"AV + anulación clásica";"B2B";"Seguro Directo"
"IWEW03";"El viaje de tu vida (IWE)";"Premium";"Premium (W03)";"Premium";"AV";"B2B2C";"Seguro Directo"
"IWEW02";"El viaje de tu vida (IWE)";"Basic";"Basic (W02)";"Basic";"AV";"B2B2C";"Seguro Directo"
"IWEW10";"El viaje de tu vida (IWE)";"PLUS AN";"PLUS AN (W10)";"PLUS AN";"AV + anulación clásica";"B2B2C";"Seguro Directo"
"IWEW06";"El viaje de tu vida (IWE)";"Classic";"Classic (W06)";"Classic";"AV";"B2B2C";"Seguro Directo"
"IWEW07";"El viaje de tu vida (IWE)";"PLUS";"PLUS (W07)";"PLUS";"AV";"B2B2C";"Seguro Directo"
"IWEW17";"El viaje de tu vida (IWE)";"Escapadas AN";"Escapadas AN (W17)";"Escapadas AN";"Escapadas";"B2B2C";"Seguro Directo"
"AOASQN";"El mejor destino (AOA)";"Escapadas Europa";"Escapadas Europa (SQN)";"Escapadas Europa";"AV + anulación clásica";"B2B";"Seguro Directo"
"AOASQB";"El mejor destino (AOA)";"Escapadas Premium";"Escapadas Premium (SQB)";"Escapadas Premium";"AV + anulación clásica";"B2B";"Seguro Directo"
"AOASQF";"El mejor destino (AOA)";"Escapadas Mundo";"Escapadas Mundo (SQF)";"Escapadas Mundo";"AV + anulación clásica";"B2B";"Seguro Directo"
"AOASQE";"El mejor destino (AOA)";"CAM Escapadas Premium";"CAM Escapadas Premium (SQE)";"CAM Escapadas Premium";"AV + anulación clásica";"B2B";"Seguro Directo"
"AOASQC";"El mejor destino (AOA)";"Escapadas Europa";"Escapadas Europa (SQC)";"Escapadas Europa";"AV + anulación clásica";"B2B";"Seguro Directo"
"AOASQD";"El mejor destino (AOA)";"Escapadas Mundo";"Escapadas Mundo (SQD)";"Escapadas Mundo";"AV + anulación clásica";"B2B";"Seguro Directo"
"AOASQM";"El mejor destino (AOA)";"Asociadas Escapadas Europa";"Asociadas Escapadas Europa (SQM)";"Asociadas Escapadas Europa";"AV + anulación clásica";"B2B";"Seguro Directo"
"AOASQK";"El mejor destino (AOA)";"Asociadas Escapadas Premium";"Asociadas Escapadas Premium (SQK)";"Asociadas Escapadas Premium";"AV + anulación clásica";"B2B";"Seguro Directo"
"AOASQO";"El mejor destino (AOA)";"Asociadas Escapadas Mundo";"Asociadas Escapadas Mundo (SQO)";"Asociadas Escapadas Mundo";"AV + anulación clásica";"B2B";"Seguro Directo"
"AOASQR";"El mejor destino (AOA)";"Grupos AN";"Grupos AN (SQR)";"Grupos AN";"AV + anulación clásica";"B2B";"Seguro Directo"
"AOAUQC";"El mejor destino (AOA)";"Asociadas Grupos Basico";"Asociadas Grupos Basico (UQC)";"Asociadas Grupos Basico";"Anulación";"B2B";"Seguro Directo"
"AOASQT";"El mejor destino (AOA)";"Grupos Basico";"Grupos Basico (SQT)";"Grupos Basico";"AV";"B2B";"Seguro Directo"
"AOASQQ";"El mejor destino (AOA)";"Grupos AN Espana";"Grupos AN Espana (SQQ)";"Grupos AN Espana";"AV + anulación clásica";"B2B";"Seguro Directo"
"AOAUQA";"El mejor destino (AOA)";"Asociadas Grupos AN";"Asociadas Grupos AN (UQA)";"Asociadas Grupos AN";"AV + anulación clásica";"B2B";"Seguro Directo"
"AOASQS";"El mejor destino (AOA)";"Grupos AN Plus";"Grupos AN Plus (SQS)";"Grupos AN Plus";"AV + anulación clásica";"B2B";"Seguro Directo"
"AOAUQB";"El mejor destino (AOA)";"Asociadas Grupos AN Plus";"Asociadas Grupos AN Plus (UQB)";"Asociadas Grupos AN Plus";"AV + anulación clásica";"B2B";"Seguro Directo"
"AOASQZ";"El mejor destino (AOA)";"Asociadas Grupos AN Espana";"Asociadas Grupos AN Espana (SQZ)";"Asociadas Grupos AN Espana";"AV + anulación clásica";"B2B";"Seguro Directo"
"AOASQL";"El mejor destino (AOA)";"Viajabien Premium";"Viajabien Premium (SQL)";"Viajabien Premium";"AV + anulación clásica";"B2B";"Seguro Directo"
"AOASQV";"El mejor destino (AOA)";"Estancias";"Estancias (SQV)";"Estancias";"AV + anulación clásica";"B2B";"Seguro Directo"
"AOASQH";"El mejor destino (AOA)";"Viajabien Básico";"Viajabien Básico (SQH)";"Viajabien Básico";"AV";"B2B";"Seguro Directo"
"AOAUQE";"El mejor destino (AOA)";"Asociadas Estancias";"Asociadas Estancias (UQE)";"Asociadas Estancias";"Anulación";"B2B";"Seguro Directo"
"AOASQU";"El mejor destino (AOA)";"AN + Incidencia Aérea";"AN + Incidencia Aérea (SQU)";"AN + Incidencia Aérea";"AV + anulación clásica";"B2B";"Seguro Directo"
"AOAUQG";"El mejor destino (AOA)";"Grupos AN Cabildo Canario";"Grupos AN Cabildo Canario (UQG)";"Grupos AN Cabildo Canario";"AV + anulación clásica";"B2B";"Seguro Directo"
"AOAUQH";"El mejor destino (AOA)";"Escapadas Mundo mas 55";"Escapadas Mundo mas 55 (UQH)";"Escapadas Mundo mas 55";"AV + anulación clásica";"B2B";"Seguro Directo"
"AOAUQL";"El mejor destino (AOA)";"Asociadas Escapadas Mundo mas 55";"Asociadas Escapadas Mundo mas 55 (UQL)";"Asociadas Escapadas Mundo mas 55";"AV + anulación clásica";"B2B";"Seguro Directo"
"AOASQP";"El mejor destino (AOA)";"Viajabien Inclusión";"Viajabien Inclusión (SQP)";"Viajabien Inclusión";"AV";"B2B";"Seguro Directo"
"AOAUQR";"El mejor destino (AOA)";"Escapadas Plus Premium";"Escapadas Plus Premium (UQR)";"Escapadas Plus Premium";"AV + anulación clásica";"B2B";"Seguro Directo"
"AOAUQS";"El mejor destino (AOA)";"Escapadas Plus Europa";"Escapadas Plus Europa (UQS)";"Escapadas Plus Europa";"AV + anulación clásica";"B2B";"Seguro Directo"
"AOAUQQ";"El mejor destino (AOA)";"Escapadas Plus Mundo";"Escapadas Plus Mundo (UQQ)";"Escapadas Plus Mundo";"AV + anulación clásica";"B2B";"Seguro Directo"
"AOAUQP";"El mejor destino (AOA)";"Escapadas Plus Europa";"Escapadas Plus Europa (UQP)";"Escapadas Plus Europa";"AV + anulación clásica";"B2B";"Seguro Directo"
"AOAUQT";"El mejor destino (AOA)";"Escapadas Plus Mundo";"Escapadas Plus Mundo (UQT)";"Escapadas Plus Mundo";"AV + anulación clásica";"B2B";"Seguro Directo"
"AOAUQU";"El mejor destino (AOA)";"Escapadas Plus Premium";"Escapadas Plus Premium (UQU)";"Escapadas Plus Premium";"AV + anulación clásica";"B2B";"Seguro Directo"
"AOAUQI";"El mejor destino (AOA)";"Business Premium";"Business Premium (UQI)";"Business Premium";"AV + anulación clásica";"B2B";"Seguro Directo"
"AOAUQO";"El mejor destino (AOA)";"Silver";"Silver (UQO)";"Silver";"AV + anulación clásica";"B2B";"Seguro Directo"
"AOAUQN";"El mejor destino (AOA)";"Gold";"Gold (UQN)";"Gold";"AV + anulación clásica";"B2B";"Seguro Directo"
"AOAUQM";"El mejor destino (AOA)";"Platinum";"Platinum (UQM)";"Platinum";"AV + anulación clásica";"B2B";"Seguro Directo"
"AOAUQW";"El mejor destino (AOA)";"Carrefour Aéreo + AN";"Carrefour Aéreo + AN (UQW)";"Carrefour Aéreo + AN";"Anulación";"B2B";"Seguro Directo"
"IWEW04";"El viaje de tu vida (IWE)";"Premium AN";"Premium AN (W04)";"Premium AN";"AV + anulación clásica";"B2B2C";"Seguro Directo"
"IWEW15";"El viaje de tu vida (IWE)";"Multiviaje";"Multiviaje (W15)";"Multiviaje";"Multiviaje";"B2B2C";"Seguro Directo"
"IWEW08";"El viaje de tu vida (IWE)";"Premium Nuevo";"Premium Nuevo (W08)";"Premium Nuevo";"AV";"B2B2C";"Seguro Directo"
"IWEW09";"El viaje de tu vida (IWE)";"Classic AN";"Classic AN (W09)";"Classic AN";"AV + anulación clásica";"B2B2C";"Seguro Directo"
"IWEW11";"El viaje de tu vida (IWE)";"Premium AN Nuevo";"Premium AN Nuevo (W11)";"Premium AN Nuevo";"AV + anulación clásica";"B2B2C";"Seguro Directo"
"IWEW21";"El viaje de tu vida (IWE)";"Plus AN72h";"Plus AN72h (W21)";"Plus AN72h";"AV + anulación clásica";"B2B2C";"Seguro Directo"
"MNO50M";"Mundo ideal (MNO)";"Relax FQ No Residentes";"Relax FQ No Residentes (50M)";"Relax FQ No Residentes";"AV";"B2C";"Seguro Directo"
"MNO19N";"Mundo ideal (MNO)";"Relax";"Relax (19N)";"Relax";"AV";"B2C";"Seguro Directo"
"MNOWYG";"Mundo ideal (MNO)";"Larga Estancia FQ";"Larga Estancia FQ (WYG)";"Larga Estancia FQ";"AV";"B2C";"Seguro Directo"
"MNO1MN";"Mundo ideal (MNO)";"Solo Asistencia";"Solo Asistencia (1MN)";"Solo Asistencia";"AV";"B2C";"Seguro Directo"
"MNO43M";"Mundo ideal (MNO)";"Relax AN 72h";"Relax AN 72h (43M)";"Relax AN 72h";"AV + anulación clásica";"B2C";"Seguro Directo"
"MNO20N";"Mundo ideal (MNO)";"Relax AN";"Relax AN (20N)";"Relax AN";"AV + anulación clásica";"B2C";"Seguro Directo"
"MNOWYI";"Mundo ideal (MNO)";"Larga Estancia SP FQ MI";"Larga Estancia SP FQ MI (WYI)";"Larga Estancia SP FQ MI";"AV";"B2C";"Seguro Directo"
"MNO47M";"Mundo ideal (MNO)";"Relax No Residentes";"Relax No Residentes (47M)";"Relax No Residentes";"AV";"B2C";"Seguro Directo"
"MNO2MN";"Mundo ideal (MNO)";"Top";"Top (2MN)";"Top";"AV";"B2C";"Seguro Directo"
"MNO9MN";"Mundo ideal (MNO)";"Top ANB";"Top ANB (9MN)";"Top ANB";"AV + anulación clásica";"B2C";"Seguro Directo"
"MNOWYN";"Mundo ideal (MNO)";"Solo Asistencia No Residentes";"Solo Asistencia No Residentes (WYN)";"Solo Asistencia No Residentes";"AV";"B2C";"Seguro Directo"
"MNO45M";"Mundo ideal (MNO)";"Relax AN FQ";"Relax AN FQ (45M)";"Relax AN FQ";"AV + anulación clásica";"B2C";"Seguro Directo"
"MNO5MN";"Mundo ideal (MNO)";"Top AN 72h";"Top AN 72h (5MN)";"Top AN 72h";"AV + anulación clásica";"B2C";"Seguro Directo"
"MNO48M";"Mundo ideal (MNO)";"Relax AN No Residentes";"Relax AN No Residentes (48M)";"Relax AN No Residentes";"AV + anulación clásica";"B2C";"Seguro Directo"
"MNO44M";"Mundo ideal (MNO)";"Relax FQ";"Relax FQ (44M)";"Relax FQ";"AV";"B2C";"Seguro Directo"
"MNO49M";"Mundo ideal (MNO)";"Relax AN 72h No Residentes";"Relax AN 72h No Residentes (49M)";"Relax AN 72h No Residentes";"AV + anulación clásica";"B2C";"Seguro Directo"
"MNO7MN";"Mundo ideal (MNO)";"Top AN 72h FQ";"Top AN 72h FQ (7MN)";"Top AN 72h FQ";"AV + anulación clásica";"B2C";"Seguro Directo"
"MNO3MN";"Mundo ideal (MNO)";"Anulación Plus";"Anulación Plus (3MN)";"Anulación Plus";"Anulación";"B2C";"Seguro Directo"
"MNO46M";"Mundo ideal (MNO)";"Relax AN 72h FQ";"Relax AN 72h FQ (46M)";"Relax AN 72h FQ";"AV + anulación clásica";"B2C";"Seguro Directo"
"MNOWYJ";"Mundo ideal (MNO)";"Larga Estancia FQ No Residentes";"Larga Estancia FQ No Residentes (WYJ)";"Larga Estancia FQ No Residentes";"AV";"B2C";"Seguro Directo"
"MNOVZU";"Mundo ideal (MNO)";"Top AN MI";"Top AN MI (VZU)";"Top AN MI";"AV + anulación clásica";"B2C";"Seguro Directo"
"MNO14M";"Mundo ideal (MNO)";"Top ANB FQ";"Top ANB FQ (14M)";"Top ANB FQ";"AV + anulación clásica";"B2C";"Seguro Directo"
"MNO11M";"Mundo ideal (MNO)";"Top FQ";"Top FQ (11M)";"Top FQ";"AV";"B2C";"Seguro Directo"
"MNOWYH";"Mundo ideal (MNO)";"Larga Estancia SP FQ";"Larga Estancia SP FQ (WYH)";"Larga Estancia SP FQ";"AV";"B2C";"Seguro Directo"
"MNO52M";"Mundo ideal (MNO)";"Relax AN 72h FQ No Residentes";"Relax AN 72h FQ No Residentes (52M)";"Relax AN 72h FQ No Residentes";"AV + anulación clásica";"B2C";"Seguro Directo"
"MNOWZG";"Mundo ideal (MNO)";"Larga Estancia MI FQ";"Larga Estancia MI FQ (WZG)";"Larga Estancia MI FQ";"AV";"B2C";"Seguro Directo"
"MNO51M";"Mundo ideal (MNO)";"Relax AN FQ No Residentes";"Relax AN FQ No Residentes (51M)";"Relax AN FQ No Residentes";"AV + anulación clásica";"B2C";"Seguro Directo"
"MNOVZQ";"Mundo ideal (MNO)";"Top MI";"Top MI (VZQ)";"Top MI";"AV";"B2C";"Seguro Directo"
"MNO16M";"Mundo ideal (MNO)";"Top AN 72h MI";"Top AN 72h MI (16M)";"Top AN 72h MI";"AV + anulación clásica";"B2C";"Seguro Directo"
"MNO10M";"Mundo ideal (MNO)";"Top SP";"Top SP (10M)";"Top SP";"AV";"B2C";"Seguro Directo"
"MNOWYL";"Mundo ideal (MNO)";"Larga Estancia SP FQ MI No Residentes";"Larga Estancia SP FQ MI No Residentes (WYL)";"Larga Estancia SP FQ MI No Residentes";"AV";"B2C";"Seguro Directo"
"MNO13M";"Mundo ideal (MNO)";"Top ANB SP";"Top ANB SP (13M)";"Top ANB SP";"AV + anulación clásica";"B2C";"Seguro Directo"
"MNO6MN";"Mundo ideal (MNO)";"Top AN72h SP";"Top AN72h SP (6MN)";"Top AN72h SP";"AV + anulación clásica";"B2C";"Seguro Directo"
"MNO18M";"Mundo ideal (MNO)";"Top AN 72h FQ MI";"Top AN 72h FQ MI (18M)";"Top AN 72h FQ MI";"AV + anulación clásica";"B2C";"Seguro Directo"
"MNOWYK";"Mundo ideal (MNO)";"Larga Estancia SP FQ No Residentes";"Larga Estancia SP FQ No Residentes (WYK)";"Larga Estancia SP FQ No Residentes";"AV";"B2C";"Seguro Directo"
"MNO8MN";"Mundo ideal (MNO)";"Top ANA";"Top ANA (8MN)";"Top ANA";"AV + anulación clásica";"B2C";"Seguro Directo"
"MNOVZX";"Mundo ideal (MNO)";"Top AN SP MI";"Top AN SP MI (VZX)";"Top AN SP MI";"AV + anulación clásica";"B2C";"Seguro Directo"
"MNOVZS";"Mundo ideal (MNO)";"Top FQ MI";"Top FQ MI (VZS)";"Top FQ MI";"AV";"B2C";"Seguro Directo"
"MNO85M_SIN_AN";"Mundo ideal (MNO)";"Solo Asistencia 2023";"Solo Asistencia (85M)";"Solo Asistencia";"AV";"B2C";"Seguro Directo"
"MNO98M";"Mundo ideal (MNO)";"Larga Estancia 2023 No Residentes";"Larga Estancia No Residentes (98M)";"Larga Estancia No Residentes";"AV";"B2C";"Seguro Directo"
"TRFT73";"Trotamundos (TRF)";"Excellent CR";"Excellent CR (T73)";"Excellent CR";"AV";"B2C";"Seguro Directo"
"TRFT5M";"Trotamundos (TRF)";"Temporal Plus Preexistencias";"Temporal Plus Preexistencias (T5M)";"Temporal Plus Preexistencias";"AV";"B2C";"Seguro Directo"
"TRFT65";"Trotamundos (TRF)";"Grupos AN SP";"Grupos AN SP (T65)";"Grupos AN SP";"AV + anulación clásica";"B2B";"Seguro Directo"
"TRFT5B";"Trotamundos (TRF)";"Asistencia AN";"Asistencia AN (T5B)";"Asistencia AN";"AV + anulación clásica";"B2C";"Seguro Directo"
"MNP16P_SIN_AN";"Mundo ideal Portugal (MNP)";"Multi. No Resi. 2023";"Multiviaje (16P)";"Multiviaje";"Multiviaje";"B2C";"LPS"
"TRFT68";"Trotamundos (TRF)";"Estancias 5000";"Estancias 5000  (T68)";"Estancias 5000";"Anulación";"B2B";"Seguro Directo"
"BDF76B";"Bienestar (BDF)";"Segur MAX";"Segur MAX (76B)";"Segur MAX";"AV";"B2C";"Seguro Directo"
"BDF77B";"Bienestar (BDF)";"Segur MAX SP";"Segur MAX SP (77B)";"Segur MAX SP";"AV";"B2C";"Seguro Directo"
"BDF78B";"Bienestar (BDF)";"Segur MAX GM";"Segur MAX GM (78B)";"Segur MAX GM";"AV";"B2C";"Seguro Directo"
"BDF31B";"Bienestar (BDF)";"Segur Beta";"Segur Beta (31B)";"Segur Beta";"AV";"B2C";"Seguro Directo"
"BDF33B";"Bienestar (BDF)";"Segur BETA GM";"Segur BETA GM (33B)";"Segur BETA GM";"AV";"B2B";"Seguro Directo"
"BDF32B";"Bienestar (BDF)";"Segur BETA SP";"Segur Beta (32B)";"Segur Beta";"AV";"B2C";"Seguro Directo"
"BDF80B";"Bienestar (BDF)";"Segur Schengen Basico";"Segur Schengen Basico (80B)";"Segur Schengen Basico";"AV";"B2C";"Seguro Directo"
"BDF30B";"Bienestar (BDF)";"Segur ONE";"Segur ONE (30B)";"Segur ONE";"AV";"B2C";"Seguro Directo"
"BDF39B";"Bienestar (BDF)";"Segur ONE Plus AN";"Segur ONE Plus AN (39B)";"Segur ONE Plus AN";"AV + anulación clásica";"B2C";"Seguro Directo"
"BDF40B";"Bienestar (BDF)";"Segur BETA Plus AN";"Segur BETA Plus AN (40B)";"Segur BETA Plus AN";"AV + anulación clásica";"B2C";"Seguro Directo"
"BDF42B";"Bienestar (BDF)";"Segur BETA PLUS AN GM";"Segur BETA PLUS AN GM (42B)";"Segur BETA PLUS AN GM";"AV + anulación clásica";"B2C";"Seguro Directo"
"BDF44B";"Bienestar (BDF)";"Segur MAX Plus AN";"Segur MAX Plus AN (44B)";"Segur MAX Plus AN";"AV + anulación clásica";"B2C";"Seguro Directo"
"BDF45B";"Bienestar (BDF)";"Segur MAX PLUS AN SP";"Segur MAX PLUS AN SP (45B)";"Segur MAX PLUS AN SP";"AV + anulación clásica";"B2C";"Seguro Directo"
"BDF46B";"Bienestar (BDF)";"Segur MAX Plus AN GM";"Segur MAX Plus AN GM (46B)";"Segur MAX Plus AN GM";"AV + anulación clásica";"B2C";"Seguro Directo"
"BDF37B";"Bienestar (BDF)";"Segur BETA Anual";"Segur BETA Anual (37B)";"Segur BETA Anual";"Anual";"B2C";"Seguro Directo"
"BDF35B";"Bienestar (BDF)";"Segur BETA Multi";"Segur BETA Multi (35B)";"Segur BETA Multi";"Multiviaje";"B2C";"Seguro Directo"
"BDF36B";"Bienestar (BDF)";"Segur Beta Multi GM";"Segur Beta Multi GM (36B)";"Segur Beta Multi GM";"Multiviaje";"B2C";"Seguro Directo"
"BDF49B";"Bienestar (BDF)";"Segur MAX Plus Mundo-Mundo AN72";"Segur MAX Plus Mundo-Mundo AN72 (49B)";"Segur MAX Plus Mundo-Mundo AN72";"AV + anulación clásica";"B2B";"Seguro Directo"
"BDFSQA";"Bienestar (BDF)";"Segur SCHENGEN";"Segur SCHENGEN (SQA)";"Segur SCHENGEN";"AV";"B2B";"Seguro Directo"
"TRFT5D";"Trotamundos (TRF)";"Grupos AN 1500 CR";"Grupos AN 1500 CR (T5D)";"Grupos AN 1500 CR";"AV + anulación clásica";"B2B";"Seguro Directo"
"TRFT57";"Trotamundos (TRF)";"Excellent Agencias AN CR";"Excellent Agencias AN CR (T57)";"Excellent Agencias AN CR";"AV + anulación clásica";"B2B";"Seguro Directo"
"MOGE56";"Viajes sorpresas (MOG)";"Grupos inclusión Julia Travel";"Grupos inclusión Julia Travel (E56)";"Grupos inclusión Julia Travel";"AV";"B2B";"Seguro Directo"
"MOGE48";"Viajes sorpresas (MOG)";"Grupos Base";"Grupos Base (E48)";"Grupos Base";"AV";"B2B";"Seguro Directo"
"MOGE13";"Viajes sorpresas (MOG)";"Base";"Base (E13)";"Base";"AV + anulación clásica";"B2B";"Seguro Directo"
"MOGE31";"Viajes sorpresas (MOG)";"Estancias Prime 1.500";"Estancias Prime 1.500 (E31)";"Estancias Prime 1.500";"Anulación";"B2B";"Seguro Directo"
"MOGE14";"Viajes sorpresas (MOG)";"Top";"Top  (E14)";"Top";"AV + anulación clásica";"B2B";"Seguro Directo"
"MOGE49";"Viajes sorpresas (MOG)";"Grupos Top";"Grupos Top (E49)";"Grupos Top";"AV + anulación clásica";"B2B";"Seguro Directo"
"MOGSQA";"Viajes sorpresas (MOG)";"Schengen";"Schengen (SQA)";"Schengen";"Schengen";"B2B";"Seguro Directo"
"MOGE30";"Viajes sorpresas (MOG)";"Estancias Prime 750";"Estancias Prime 750 (E30)";"Estancias Prime 750";"Anulación";"B2B";"Seguro Directo"
"MOGE32";"Viajes sorpresas (MOG)";"Estancias Prime 3.000";"Estancias Prime 3.000 (E32)";"Estancias Prime 3.000";"Anulación";"B2B";"Seguro Directo"
"MOGE15";"Viajes sorpresas (MOG)";"Prestige";"Prestige (E15)";"Prestige";"AV + anulación clásica";"B2B";"Seguro Directo"
"MOGE46";"Viajes sorpresas (MOG)";"Base sin AN";"Base sin AN (E46)";"Base sin AN";"AV";"B2B";"Seguro Directo"
"MOGE57";"Viajes sorpresas (MOG)";"Duaoc Inclusión AV";"Duaoc Inclusión AV (E57)";"Duaoc Inclusión AV";"AV";"B2B";"Seguro Directo"
"MOGE47";"Viajes sorpresas (MOG)";"Receptivo Schengen VIP";"Receptivo Schengen VIP (E47)";"Receptivo Schengen VIP";"Schengen";"B2B";"Seguro Directo"
"MOGE16";"Viajes sorpresas (MOG)";"Top  sin AN";"Top  sin AN (E16)";"Top  sin AN";"AV";"B2B";"Seguro Directo"
"MOGE58";"Viajes sorpresas (MOG)";"Duaoc base Optional";"Duaoc base Optional  (E58)";"Duaoc base Optional";"AV + anulación clásica";"B2B";"Seguro Directo"
"MOGE33";"Viajes sorpresas (MOG)";"Mares Residentes España/Francia";"Mares Residentes España/Francia (E33)";"Mares Residentes España/Francia";"AV + anulación clásica";"B2B";"Seguro Directo"
"MOGE34";"Viajes sorpresas (MOG)";"Mares No Residentes";"Mares No Residentes (E34)";"Mares No Residentes";"AV + anulación clásica";"B2B";"Seguro Directo"
"MOGE10";"Viajes sorpresas (MOG)";"AN V. Combinado";"AN V. Combinado  (E10)";"AN V. Combinado";"Anulación";"B2C";"Seguro Directo"
"MOGE38";"Viajes sorpresas (MOG)";"Kontiki Estudiantes A";"Kontiki Estudiantes A (E38)";"Kontiki Estudiantes A";"AV + anulación clásica";"B2B";"Seguro Directo"
"MOGE55";"Viajes sorpresas (MOG)";"Top Mundo Mundo";"Top Mundo Mundo (E55)";"Top Mundo Mundo";"AV + anulación clásica";"B2B";"Seguro Directo"
"MOGE60";"Viajes sorpresas (MOG)";"Asistencia Diamond";"Asistencia Diamond (E60)";"Asistencia Diamond";"AV + anulación clásica";"B2B";"Seguro Directo"
"MOGE18";"Viajes sorpresas (MOG)";"Grupos Inclusión";"Grupos Inclusión (E18)";"Grupos Inclusión";"AV + anulación clásica";"B2B";"Seguro Directo"
"MOGE19";"Viajes sorpresas (MOG)";"TuViaje Inclusion";"TuViaje Inclusion (E19)";"TuViaje Inclusion";"AV";"B2B";"Seguro Directo"
"MOGE52";"Viajes sorpresas (MOG)";"Top Agentes";"Top Agentes (E52)";"Top Agentes";"Anulación";"B2B";"Seguro Directo"
"MOGE45";"Viajes sorpresas (MOG)";"Inclusión receptivo";"Inclusión receptivo (E45)";"Inclusión receptivo";"AV";"B2B";"Seguro Directo"
"MOGE44";"Viajes sorpresas (MOG)";"Inclusión Mayoristas";"Inclusión Mayoristas (E44)";"Inclusión Mayoristas";"AV";"B2B";"Seguro Directo"
"MOGE50";"Viajes sorpresas (MOG)";"Grupos Diamond";"Grupos Diamond (E50)";"Grupos Diamond";"AV + anulación clásica";"B2B";"Seguro Directo"
"MOGE59";"Viajes sorpresas (MOG)";"Duaoc Top Opcional";"Duaoc Top Opcional (E59)";"Duaoc Top Opcional";"AV + anulación clásica";"B2B";"Seguro Directo"
"MOGE35";"Viajes sorpresas (MOG)";"Del Uno al Otro Confín GRUPOS";"Del Uno al Otro Confín GRUPOS (E35)";"Del Uno al Otro Confín GRUPOS";"AV + anulación clásica";"B2B";"Seguro Directo"
"MOGE20";"Viajes sorpresas (MOG)";"TuViaje Opcional con AN";"TuViaje Opcional con AN (E20)";"TuViaje Opcional con AN";"AV + anulación clásica";"B2B";"Seguro Directo"
"MOGE40";"Viajes sorpresas (MOG)";"Kontiki Grupos";"Kontiki Grupos (E40)";"Kontiki Grupos";"AV + anulación clásica";"B2B";"Seguro Directo"
"MOGE39";"Viajes sorpresas (MOG)";"Kontiki Estudiantes SP B";"Kontiki Estudiantes SP B (E39)";"Kontiki Estudiantes SP B";"AV + anulación clásica";"B2B";"Seguro Directo"
"MOGE53";"Viajes sorpresas (MOG)";"Top Multi";"Top Multi (E53)";"Top Multi";"AV + anulación clásica";"B2B";"Seguro Directo"
"MOGE61";"Viajes sorpresas (MOG)";"Top Agentes Multi";"Top Agentes Multi (E61)";"Top Agentes Multi";"AV + anulación clásica";"B2B";"Seguro Directo"
"MOGE37";"Viajes sorpresas (MOG)";"TOP AVENTURA";"TOP AVENTURA  (E37)";"TOP AVENTURA";"AV + anulación clásica";"B2B";"Seguro Directo"
"MOGE63";"Viajes sorpresas (MOG)";"CN Travel Españoles";"CN Travel Españoles (E63)";"CN Travel Españoles";"AV";"B2B";"Seguro Directo"
"MOGE51";"Viajes sorpresas (MOG)";"Top Anual";"Top Anual (E51)";"Top Anual";"AV + anulación clásica";"B2B";"Seguro Directo"
"MOGE64";"Viajes sorpresas (MOG)";"CN Travel Extranjeros";"CN Travel Extranjeros (E64)";"CN Travel Extranjeros";"AV";"B2B";"Seguro Directo"
"MOGE66";"Viajes sorpresas (MOG)";"Mares Base";"Mares Base (E66)";"Mares Base";"AV + anulación clásica";"B2B";"Seguro Directo"
"MOGE54";"Viajes sorpresas (MOG)";"Top Sin AN Multi";"Top Sin AN Multi (E54)";"Top Sin AN Multi";"AV + anulación clásica";"B2B";"Seguro Directo"
"MOGE67";"Viajes sorpresas (MOG)";"I4F Base";"I4F Base (E67)";"I4F Base";"Anulación";"B2B";"Seguro Directo"
"MOGE68";"Viajes sorpresas (MOG)";"I4F Plus";"I4F Plus (E68)";"I4F Plus";"Anulación";"B2B";"Seguro Directo"
"MOGE76";"Viajes sorpresas (MOG)";"Base multiviaje AN";"Base multiviaje AN (E76)";"Base multiviaje AN";"Multiviaje + anulación";"B2B";"Seguro Directo"
"MOGE65";"Viajes sorpresas (MOG)";"Top Aventura Multiviaje";"Top Aventura Multiviaje (E65)";"Top Aventura Multiviaje";"Multiviaje + anulación";"B2B";"Seguro Directo"
"MOGE77";"Viajes sorpresas (MOG)";"Asistencia Inclusión AN";"Asistencia Inclusión AN (E77)";"Asistencia Inclusión AN";"AV + anulación clásica";"B2B";"Seguro Directo"
"MOGE79";"Viajes sorpresas (MOG)";"Grupos Feel My Way";"Grupos Feel My Way (E79)";"Grupos Feel My Way";"AV + anulación clásica";"B2B";"Seguro Directo"
"MOGE78";"Viajes sorpresas (MOG)";"Asistencia Diamond Mares";"Asistencia Diamond Mares (E78)";"Asistencia Diamond Mares";"AV + anulación clásica";"B2B";"Seguro Directo"
"MOGE11";"Viajes sorpresas (MOG)";"AN Transporte";"AN Transporte  (E11)";"AN Transporte";"Anulación";"B2B";"Seguro Directo"
"MOGE17";"Viajes sorpresas (MOG)";"Prestige sin AN";"Prestige sin AN (E17)";"Prestige sin AN";"AV";"B2B";"Seguro Directo"
"MOGEV9";"Viajes sorpresas (MOG)";"AN Hotel";"AN Hotel  (EV9)";"AN Hotel";"Anulación";"B2B";"Seguro Directo"
"TRFT62";"Trotamundos (TRF)";"Excellent Agencias";"Excellent Agencias (T62)";"Excellent Agencias";"AV";"B2B";"Seguro Directo"
"BDF50B";"Bienestar (BDF)";"Grupos PLUS AN Cover";"Grupos PLUS AN Cover (50B)";"Grupos PLUS AN Cover";"AV + anulación clásica";"B2B";"Seguro Directo"
"BDF51B";"Bienestar (BDF)";"Grupos PLUS AN SP Cover";"Grupos PLUS AN SP Cover (51B)";"Grupos PLUS AN SP Cover";"AV + anulación clásica";"B2B";"Seguro Directo"
"BDF52B";"Bienestar (BDF)";"CLASSIC PLUS AN Cover";"CLASSIC PLUS AN Cover (52B)";"CLASSIC PLUS AN Cover";"AV + anulación clásica";"B2B";"Seguro Directo"
"BDF53B";"Bienestar (BDF)";"CLASSIC PLUS AN SP Cover";"CLASSIC PLUS AN SP Cover (53B)";"CLASSIC PLUS AN SP Cover";"AV + anulación clásica";"B2B";"Seguro Directo"
"BDF54B";"Bienestar (BDF)";"COMPLET PLUS AN Cover";"COMPLET PLUS AN Cover (54B)";"COMPLET PLUS AN Cover";"AV + anulación clásica";"B2B";"Seguro Directo"
"BDF55B";"Bienestar (BDF)";"COMPLET PLUS AN SP Cover";"COMPLET PLUS AN SP Cover (55B)";"COMPLET PLUS AN SP Cover";"AV + anulación clásica";"B2B";"Seguro Directo"
"BDF56B";"Bienestar (BDF)";"Segur Top Plus AN Cover";"Segur Top Plus AN Cover (56B)";"Segur Top Plus AN Cover";"AV + anulación clásica";"B2B";"Seguro Directo"
"BDF57B";"Bienestar (BDF)";"Top Plus AN SP";"Top Plus AN SP (57B)";"Top Plus AN SP";"AV + anulación clásica";"B2B";"Seguro Directo"
"BDF60B";"Bienestar (BDF)";"ESTANCIAS AN Cover";"ESTANCIAS AN Cover (60B)";"ESTANCIAS AN Cover";"Anulación";"B2B";"Seguro Directo"
"BDF61B";"Bienestar (BDF)";"Segur Eco Cover";"Segur Eco Cover (61B)";"Segur Eco Cover";"AV";"B2B";"Seguro Directo"
"BDF62B";"Bienestar (BDF)";"Segur Eco SP Cover";"Segur Eco SP Cover (62B)";"Segur Eco SP Cover";"AV";"B2B";"Seguro Directo"
"BDF63B";"Bienestar (BDF)";"Segur Classic Cover";"Segur Classic Cover (63B)";"Segur Classic Cover";"AV";"B2B";"Seguro Directo"
"BDF64B";"Bienestar (BDF)";"CLASSIC SP Cover";"CLASSIC SP Cover (64B)";"CLASSIC SP Cover";"AV";"B2B";"Seguro Directo"
"BDF65B";"Bienestar (BDF)";"CLASSIC MULTI Cover";"CLASSIC MULTI Cover (65B)";"CLASSIC MULTI Cover";"Multiviaje";"B2B";"Seguro Directo"
"BDF68B";"Bienestar (BDF)";"SCHENGEN Cover";"SCHENGEN Cover (68B)";"SCHENGEN Cover";"AV";"B2B";"Seguro Directo"
"BDF66B";"Bienestar (BDF)";"Solo Anulación Cover";"Solo Anulación Cover (66B)";"Solo Anulación Cover";"Anulación";"B2B";"Seguro Directo"
"BDF58B";"Bienestar (BDF)";"Classic Multi AN Cover";"Classic Multi AN Cover (58B)";"Classic Multi AN Cover";"Multiviaje + anulación";"B2B";"Seguro Directo"
"BDF71B";"Bienestar (BDF)";"Complet Canarias Cover";"Complet Canarias Cover (71B)";"Complet Canarias Cover";"AV";"B2B";"Seguro Directo"
"BDF69B";"Bienestar (BDF)";"Classic SP No residentes Cover";"Classic SP No residentes Cover (69B)";"Classic SP No residentes Cover";"AV";"B2B";"Seguro Directo"
"BDF70B";"Bienestar (BDF)";"Classic Plus AN SP No residentes Cover";"Classic Plus AN SP No residentes Cover (70B)";"Classic Plus AN SP No residentes Cover";"AV + anulación clásica";"B2B";"Seguro Directo"
"BDF59B";"Bienestar (BDF)";"Classic agentes Cover";"Classic agentes Cover (59B)";"Classic agentes Cover";"AV";"B2B";"Seguro Directo"
"BDF67B";"Bienestar (BDF)";"Complet Plus agentes Cover";"Complet Plus agentes Cover (67B)";"Complet Plus agentes Cover";"AV + anulación clásica";"B2B";"Seguro Directo"
"BDF73B";"Bienestar (BDF)";"Top Risk Plus con AN Cover";"Top Risk Plus con AN Cover (73B)";"Top Risk Plus con AN Cover";"AV + anulación clásica";"B2B";"Seguro Directo"
"BDF75B";"Bienestar (BDF)";"Complet Plus Agentes Multi AN Cover";"Complet Plus Agentes Multi AN Cover (75B)";"Complet Plus Agentes Multi AN Cover";"AV + anulación clásica";"B2B";"Seguro Directo"
"BDF81B";"Bienestar (BDF)";"Schengen Basico Cover";"Schengen Basico Cover (81B)";"Schengen Basico Cover";"AV";"B2B";"Seguro Directo"
"ANBV8F";"Lluvia de viajes (ANB)";"Grandes viajes";"Grandes viajes (V8F)";"Grandes viajes";"AV + anulación clásica";"B2B";"Seguro Directo"
"ANBV8A";"Lluvia de viajes (ANB)";"Vacacional";"Vacacional (V8A)";"Vacacional";"AV + anulación clásica";"B2B";"Seguro Directo"
"ANBV8K";"Lluvia de viajes (ANB)";"Cruceros AN";"Cruceros AN (V8K)";"Cruceros AN";"AV + anulación clásica";"B2B";"Seguro Directo"
"ANBV8M";"Lluvia de viajes (ANB)";"Solo Asistencia";"Solo Asistencia (V8M)";"Solo Asistencia";"AV";"B2B";"Seguro Directo"
"ANBV8D";"Lluvia de viajes (ANB)";"Avanzado Plus";"Avanzado Plus (V8D)";"Avanzado Plus";"AV + anulación clásica";"B2B";"Seguro Directo"
"ANBV8G";"Lluvia de viajes (ANB)";"Grandes viajes Plus";"Grandes viajes Plus (V8G)";"Grandes viajes Plus";"AV + anulación clásica";"B2B";"Seguro Directo"
"ANBV8O";"Lluvia de viajes (ANB)";"Estancias Vip";"Estancias Vip (V8O)";"Estancias Vip";"Anulación";"B2B";"Seguro Directo"
"ANBV8P";"Lluvia de viajes (ANB)";"Receptivo Schengen Mini";"Receptivo Schengen Mini (V8P)";"Receptivo Schengen Mini";"AV";"B2B";"Seguro Directo"
"ANBV8C";"Lluvia de viajes (ANB)";"Avanzado";"Avanzado (V8C)";"Avanzado";"AV + anulación clásica";"B2B";"Seguro Directo"
"ANBV8N";"Lluvia de viajes (ANB)";"Estancias Plus";"Estancias Plus (V8N)";"Estancias Plus";"Anulación";"B2B";"Seguro Directo"
"ANBV8H";"Lluvia de viajes (ANB)";"Receptivo Schengen";"Receptivo Schengen (V8H)";"Receptivo Schengen";"AV + anulación clásica";"B2B";"Seguro Directo"
"ANBV8L";"Lluvia de viajes (ANB)";"Estancias Mini";"Estancias Mini (V8L)";"Estancias Mini";"Anulación";"B2B";"Seguro Directo"
"ANBV8E";"Lluvia de viajes (ANB)";"Avanzado Vip";"Avanzado Vip (V8E)";"Avanzado Vip";"AV + anulación clásica";"B2B";"Seguro Directo"
"ANBV8B";"Lluvia de viajes (ANB)";"Escapadas";"Escapadas (V8B)";"Escapadas";"AV + anulación clásica";"B2B";"Seguro Directo"
"ANBV8J";"Lluvia de viajes (ANB)";"Solo anulacion";"Solo anulacion (V8J)";"Solo anulacion";"Anulación";"B2B";"Seguro Directo"
"ANBV8I";"Lluvia de viajes (ANB)";"Extranjeros por el mundo";"Extranjeros por el mundo (V8I)";"Extranjeros por el mundo";"AV + anulación clásica";"B2B";"Seguro Directo"
"ANBV8S";"Lluvia de viajes (ANB)";"SV 3000km Inclusión";"SV 3000km Inclusión (V8S)";"SV 3000km Inclusión";"AV";"B2B";"Seguro Directo"
"ANBV8T";"Lluvia de viajes (ANB)";"SV 3000Km AN Opcional";"SV 3000Km AN Opcional (V8T)";"SV 3000Km AN Opcional";"AV + anulación clásica";"B2C";"Seguro Directo"
"ANBV8U";"Lluvia de viajes (ANB)";"Larga distancia";"Larga distancia (V8U)";"Larga distancia";"AV + anulación clásica";"B2B";"Seguro Directo"
